"caseId","tier","config","n","magnitude","alpha","k","kStar","z0","z0Num","seed","value","err","sigmaSample","relErr","sigmaTrue","heavyTail","sigmaTrueConv","convMassFrac","nDivergent","domSigOverMu","gateOK","hasConstAny","minMargin","absMp","nDropped","nSectors","maxDetM","sumDetM","varRedTrue","varRedTrueConv","wallClock","exact","skipReason"
"T1a","T1","single","2","1000.","{2, 0}","1","1","1000","1000.","42","0.023618475293029947","0.00002091729917509894","0.02091729917509894","0.03501888668299363","inf","True","0.020901028338330165","0.9650750015972983","1","0.5084444774931226","True","True","0.5","1","2","8","1.","4.333333333333334","0","17.22724534430337","4.496421","True",""
"T1a","T1","single","2","1000.","{2, 0}","1","1","1000","1000.","101","0.02362772611510708","0.000020895661650495778","0.020895661650495778","0.034640925426971246","inf","True","0.020901028338330165","0.9650750015972983","1","0.5084444774931226","True","True","0.5","1","2","8","1.","4.333333333333334","0","17.22724534430337","4.496421","True",""
"T1a","T1","single","2","1000.","{2, 0}","1","1","1000","1000.","202","0.023626060170041742","0.000020938059701281413","0.020938059701281413","0.03470899101985681","inf","True","0.020901028338330165","0.9650750015972983","1","0.5084444774931226","True","True","0.5","1","2","8","1.","4.333333333333334","0","17.22724534430337","4.496421","True",""
"T1a","T1","single","2","1000.","{2, 0}","1","1","1000","1000.","303","0.023605937625945237","0.000020877209092698468","0.020877209092698468","0.03553113871415553","inf","True","0.020901028338330165","0.9650750015972983","1","0.5084444774931226","True","True","0.5","1","2","8","1.","4.333333333333334","0","17.22724534430337","4.496421","True",""
"T1a","T1","single","2","1000.","{2, 0}","1","1","1000","1000.","404","0.023633139393309556","0.000020949916219320714","0.020949916219320713","0.03441975487460865","inf","True","0.020901028338330165","0.9650750015972983","1","0.5084444774931226","True","True","0.5","1","2","8","1.","4.333333333333334","0","17.22724534430337","4.496421","True",""
"T1a","T1","single","2","1000.","{2, 0}","2","1","31.622776601683796","31.622776601683796","42","0.024018113989645276","0.000022922113513827463","0.022922113513827464","0.018690830379620625","inf","True","0.022947655020402486","0.9820001700344448","1","0.5084444774931226","True","True","0.5","1","2","8","1.","4.25","0","14.291391689685293","2.230517","True",""
"T1a","T1","single","2","1000.","{2, 0}","2","1","31.622776601683796","31.622776601683796","101","0.02405303100886867","0.00002295585022731271","0.02295585022731271","0.01726422414590476","inf","True","0.022947655020402486","0.9820001700344448","1","0.5084444774931226","True","True","0.5","1","2","8","1.","4.25","0","14.291391689685293","2.230517","True",""
"T1a","T1","single","2","1000.","{2, 0}","2","1","31.622776601683796","31.622776601683796","202","0.02403932221087791","0.000022971364965626694","0.022971364965626694","0.017824325125465598","inf","True","0.022947655020402486","0.9820001700344448","1","0.5084444774931226","True","True","0.5","1","2","8","1.","4.25","0","14.291391689685293","2.230517","True",""
"T1a","T1","single","2","1000.","{2, 0}","2","1","31.622776601683796","31.622776601683796","303","0.024019054244014182","0.000022920145795742284","0.022920145795742284","0.0186524143643423","inf","True","0.022947655020402486","0.9820001700344448","1","0.5084444774931226","True","True","0.5","1","2","8","1.","4.25","0","14.291391689685293","2.230517","True",""
"T1a","T1","single","2","1000.","{2, 0}","2","1","31.622776601683796","31.622776601683796","404","0.02467936224742181","0.0006304901966464495","0.6304901966464495","0.008325819596783081","inf","True","0.022947655020402486","0.9820001700344448","1","0.5084444774931226","True","True","0.5","1","2","8","1.","4.25","0","14.291391689685293","2.230517","True",""
"T1a","T1","single","2","1000.","{2, 0}","3","1","10","10.","42","0.024455018823848068","0.000030006267851597185","0.030006267851597185","0.0008401898072796914","0.030014219171400573","False","0.030014219171400573","1.","0","0.5084444774931225","True","True","1.5","1","0","4","18.","54.","NA","8.3540495705456","1.942225","True",""
"T1a","T1","single","2","1000.","{2, 0}","3","1","10","10.","101","0.02447715237333751","0.00003006486080921446","0.030064860809214458","0.00006412162531649203","0.030014219171400573","False","0.030014219171400573","1.","0","0.5084444774931225","True","True","1.5","1","0","4","18.","54.","NA","8.3540495705456","1.942225","True",""
"T1a","T1","single","2","1000.","{2, 0}","3","1","10","10.","202","0.024482058689755372","0.00003000749613781575","0.03000749613781575","0.00026457921711507183","0.030014219171400573","False","0.030014219171400573","1.","0","0.5084444774931225","True","True","1.5","1","0","4","18.","54.","NA","8.3540495705456","1.942225","True",""
"T1a","T1","single","2","1000.","{2, 0}","3","1","10","10.","303","0.0244556793479708","0.00002988282583782565","0.02988282583782565","0.0008132027433216008","0.030014219171400573","False","0.030014219171400573","1.","0","0.5084444774931225","True","True","1.5","1","0","4","18.","54.","NA","8.3540495705456","1.942225","True",""
"T1a","T1","single","2","1000.","{2, 0}","3","1","10","10.","404","0.02443272436058433","0.000029919401997802033","0.029919401997802034","0.0017510757012305532","0.030014219171400573","False","0.030014219171400573","1.","0","0.5084444774931225","True","True","1.5","1","0","4","18.","54.","NA","8.3540495705456","1.942225","True",""
"T1a","T1","single","2","1000.","{2, 0}","4","1","5.623413251903491","5.623413251903491","42","0.024453083128731762","0.0000259767993308441","0.0259767993308441","0.000919276590198604","0.026024524148949357","False","0.026024524148949357","1.","0","0.5084444774931226","True","True","1.","1","2","8","2.","7.5","NA","11.11182907605896","2.586436","True",""
"T1a","T1","single","2","1000.","{2, 0}","4","1","5.623413251903491","5.623413251903491","101","0.024498706758848077","0.000026053447323300244","0.026053447323300245","0.0009447701290321386","0.026024524148949357","False","0.026024524148949357","1.","0","0.5084444774931226","True","True","1.","1","2","8","2.","7.5","NA","11.11182907605896","2.586436","True",""
"T1a","T1","single","2","1000.","{2, 0}","4","1","5.623413251903491","5.623413251903491","202","0.02447820842266003","0.00002605546928693862","0.02605546928693862","0.00010726868025211533","0.026024524148949357","False","0.026024524148949357","1.","0","0.5084444774931226","True","True","1.","1","2","8","2.","7.5","NA","11.11182907605896","2.586436","True",""
"T1a","T1","single","2","1000.","{2, 0}","4","1","5.623413251903491","5.623413251903491","303","0.024456722204409715","0.000025991180765953606","0.025991180765953605","0.0007705947106281453","0.026024524148949357","False","0.026024524148949357","1.","0","0.5084444774931226","True","True","1.","1","2","8","2.","7.5","NA","11.11182907605896","2.586436","True",""
"T1a","T1","single","2","1000.","{2, 0}","4","1","5.623413251903491","5.623413251903491","404","0.024480610132304292","0.0000260645332981197","0.0260645332981197","0.00020539543981769377","0.026024524148949357","False","0.026024524148949357","1.","0","0.5084444774931226","True","True","1.","1","2","8","2.","7.5","NA","11.11182907605896","2.586436","True",""
"T1b","T1","single","2","10000.","{2, 0}","1","2","10000","10000.","42","0.007634027972967127","0.000011533326024151193","0.011533326024151193","0.023287887500878953","inf","True","0.011593477919888264","0.9785785524835589","1","0.5062823930279537","True","True","0.5","1","2","8","1.","4.333333333333334","0","20.162934686469832","2.168345","True",""
"T1b","T1","single","2","10000.","{2, 0}","1","2","10000","10000.","101","0.007651208292571151","0.000011592372461944162","0.011592372461944162","0.021089804612883654","inf","True","0.011593477919888264","0.9785785524835589","1","0.5062823930279537","True","True","0.5","1","2","8","1.","4.333333333333334","0","20.162934686469832","2.168345","True",""
"T1b","T1","single","2","10000.","{2, 0}","1","2","10000","10000.","202","0.007650591774764815","0.000011621434441739678","0.011621434441739678","0.02116868307798127","inf","True","0.011593477919888264","0.9785785524835589","1","0.5062823930279537","True","True","0.5","1","2","8","1.","4.333333333333334","0","20.162934686469832","2.168345","True",""
"T1b","T1","single","2","10000.","{2, 0}","1","2","10000","10000.","303","0.007636804845808304","0.000011564933160033582","0.011564933160033583","0.022932609088427244","inf","True","0.011593477919888264","0.9785785524835589","1","0.5062823930279537","True","True","0.5","1","2","8","1.","4.333333333333334","0","20.162934686469832","2.168345","True",""
"T1b","T1","single","2","10000.","{2, 0}","1","2","10000","10000.","404","0.007650689721435068","0.000011622336894492643","0.011622336894492642","0.021156151594005263","inf","True","0.011593477919888264","0.9785785524835589","1","0.5062823930279537","True","True","0.5","1","2","8","1.","4.333333333333334","0","20.162934686469832","2.168345","True",""
"T1b","T1","single","2","10000.","{2, 0}","2","2","100","100.","42","0.0077270245613158565","0.000012728417967217397","0.012728417967217397","0.011389726453665032","inf","True","0.012790787612667102","0.9928023033723182","1","0.5062823930279537","True","True","0.5","1","2","8","1.","4.25","0","16.56481715565039","2.11365","True",""
"T1b","T1","single","2","10000.","{2, 0}","2","2","100","100.","101","0.007748675792503369","0.000012816133053759075","0.012816133053759076","0.008619626602544983","inf","True","0.012790787612667102","0.9928023033723182","1","0.5062823930279537","True","True","0.5","1","2","8","1.","4.25","0","16.56481715565039","2.11365","True",""
"T1b","T1","single","2","10000.","{2, 0}","2","2","100","100.","202","0.007752861687964635","0.000012837279067310008","0.012837279067310008","0.00808407514620366","inf","True","0.012790787612667102","0.9928023033723182","1","0.5062823930279537","True","True","0.5","1","2","8","1.","4.25","0","16.56481715565039","2.11365","True",""
"T1b","T1","single","2","10000.","{2, 0}","2","2","100","100.","303","0.0077363882393298705","0.000012768254797793242","0.012768254797793241","0.010191719612949396","inf","True","0.012790787612667102","0.9928023033723182","1","0.5062823930279537","True","True","0.5","1","2","8","1.","4.25","0","16.56481715565039","2.11365","True",""
"T1b","T1","single","2","10000.","{2, 0}","2","2","100","100.","404","0.00774710277866985","0.000012852492491953582","0.012852492491953582","0.008820880995346256","inf","True","0.012790787612667102","0.9928023033723182","1","0.5062823930279537","True","True","0.5","1","2","8","1.","4.25","0","16.56481715565039","2.11365","True",""
"T1b","T1","single","2","10000.","{2, 0}","3","2","21.54434690031884","21.54434690031884","42","0.007800074011102744","0.00001664079577919949","0.01664079577919949","0.0020436403938678695","0.016644174574638758","False","0.016644174574638758","1.","0","0.5062823930279533","True","True","1.5","1","0","4","18.","54.","9.782654086020745","9.782654086020745","1.853821","True",""
"T1b","T1","single","2","10000.","{2, 0}","3","2","21.54434690031884","21.54434690031884","101","0.007820533469990077","0.0000166717565949381","0.016671756594938098","0.0005739818340304136","0.016644174574638758","False","0.016644174574638758","1.","0","0.5062823930279533","True","True","1.5","1","0","4","18.","54.","9.782654086020745","9.782654086020745","1.853821","True",""
"T1b","T1","single","2","10000.","{2, 0}","3","2","21.54434690031884","21.54434690031884","202","0.007806178284997023","0.000016642012506346264","0.016642012506346265","0.0012626479385524614","0.016644174574638758","False","0.016644174574638758","1.","0","0.5062823930279533","True","True","1.5","1","0","4","18.","54.","9.782654086020745","9.782654086020745","1.853821","True",""
"T1b","T1","single","2","10000.","{2, 0}","3","2","21.54434690031884","21.54434690031884","303","0.007797458950945862","0.000016472140579951147","0.016472140579951146","0.0023782161825845476","0.016644174574638758","False","0.016644174574638758","1.","0","0.5062823930279533","True","True","1.5","1","0","4","18.","54.","9.782654086020745","9.782654086020745","1.853821","True",""
"T1b","T1","single","2","10000.","{2, 0}","3","2","21.54434690031884","21.54434690031884","404","0.007804035905828675","0.000016564449119058857","0.01656444911905886","0.0015367480192308239","0.016644174574638758","False","0.016644174574638758","1.","0","0.5062823930279533","True","True","1.5","1","0","4","18.","54.","9.782654086020745","9.782654086020745","1.853821","True",""
"T1b","T1","single","2","10000.","{2, 0}","4","2","10","10.","42","0.007803604461560792","0.00001439462427252815","0.01439462427252815","0.0015919478225066479","0.01444571342414841","False","0.01444571342414841","1.","0","0.5062823930279537","True","True","1.","1","2","8","2.","7.5","12.986832277290906","12.986832277290906","2.556496","True",""
"T1b","T1","single","2","10000.","{2, 0}","4","2","10","10.","101","0.007834015443274448","0.000014522027686025157","0.014522027686025157","0.002298891233611302","0.01444571342414841","False","0.01444571342414841","1.","0","0.5062823930279537","True","True","1.","1","2","8","2.","7.5","12.986832277290906","12.986832277290906","2.556496","True",""
"T1b","T1","single","2","10000.","{2, 0}","4","2","10","10.","202","0.007828239789281138","0.000014501941278088028","0.014501941278088027","0.0015599430357731356","0.01444571342414841","False","0.01444571342414841","1.","0","0.5062823930279537","True","True","1.","1","2","8","2.","7.5","12.986832277290906","12.986832277290906","2.556496","True",""
"T1b","T1","single","2","10000.","{2, 0}","4","2","10","10.","303","0.007803038114984238","0.000014375322770770185","0.014375322770770185","0.0016644072846871642","0.01444571342414841","False","0.01444571342414841","1.","0","0.5062823930279537","True","True","1.","1","2","8","2.","7.5","12.986832277290906","12.986832277290906","2.556496","True",""
"T1b","T1","single","2","10000.","{2, 0}","4","2","10","10.","404","0.007826289761361955","0.000014540565995713915","0.014540565995713914","0.001310452741118455","0.01444571342414841","False","0.01444571342414841","1.","0","0.5062823930279537","True","True","1.","1","2","8","2.","7.5","12.986832277290906","12.986832277290906","2.556496","True",""
"T1c","T1","single","2","1.*^6","{2, 0}","1","2","1000000","1.*^6","42","0.0007763472088271366","3.579580546556128*^-6","0.003579580546556128","0.011032084861380608","inf","True","0.0036102003048764154","0.9927668004912843","1","0.5053788130670884","True","True","0.5","1","2","8","1.","4.333333333333334","0","21.116027310678373","7.311882","True",""
"T1c","T1","single","2","1.*^6","{2, 0}","1","2","1000000","1.*^6","101","0.0007831388853246499","3.6540525654997326*^-6","0.0036540525654997326","0.002380350083858839","inf","True","0.0036102003048764154","0.9927668004912843","1","0.5053788130670884","True","True","0.5","1","2","8","1.","4.333333333333334","0","21.116027310678373","7.311882","True",""
"T1c","T1","single","2","1.*^6","{2, 0}","1","2","1000000","1.*^6","202","0.0007833208747469358","3.6186755309238077*^-6","0.0036186755309238075","0.00214851863333136","inf","True","0.0036102003048764154","0.9927668004912843","1","0.5053788130670884","True","True","0.5","1","2","8","1.","4.333333333333334","0","21.116027310678373","7.311882","True",""
"T1c","T1","single","2","1.*^6","{2, 0}","1","2","1000000","1.*^6","303","0.0007803770618156438","3.6235550692187267*^-6","0.0036235550692187268","0.005898563077512764","inf","True","0.0036102003048764154","0.9927668004912843","1","0.5053788130670884","True","True","0.5","1","2","8","1.","4.333333333333334","0","21.116027310678373","7.311882","True",""
"T1c","T1","single","2","1.*^6","{2, 0}","1","2","1000000","1.*^6","404","0.0007829405400442498","3.6737397657033438*^-6","0.0036737397657033437","0.0026330168239522044","inf","True","0.0036102003048764154","0.9927668004912843","1","0.5053788130670884","True","True","0.5","1","2","8","1.","4.333333333333334","0","21.116027310678373","7.311882","True",""
"T1c","T1","single","2","1.*^6","{2, 0}","2","2","1000","1000.","42","0.0007815770115386767","3.966099206302712*^-6","0.003966099206302712","0.004369979265571454","inf","True","0.003972583430452129","0.997856707507848","1","0.5053788130670884","True","True","0.5","1","2","8","1.","4.25","0","17.43928834507236","7.386991","True",""
"T1c","T1","single","2","1.*^6","{2, 0}","2","2","1000","1000.","101","0.0007888497457191239","4.048332578325288*^-6","0.004048332578325288","0.004894562009279425","inf","True","0.003972583430452129","0.997856707507848","1","0.5053788130670884","True","True","0.5","1","2","8","1.","4.25","0","17.43928834507236","7.386991","True",""
"T1c","T1","single","2","1.*^6","{2, 0}","2","2","1000","1000.","202","0.0007870787502783081","3.998864197363355*^-6","0.003998864197363354","0.0026385383527126206","inf","True","0.003972583430452129","0.997856707507848","1","0.5053788130670884","True","True","0.5","1","2","8","1.","4.25","0","17.43928834507236","7.386991","True",""
"T1c","T1","single","2","1.*^6","{2, 0}","2","2","1000","1000.","303","0.0007835474149488351","3.966715601463235*^-6","0.003966715601463235","0.0018599351379313383","inf","True","0.003972583430452129","0.997856707507848","1","0.5053788130670884","True","True","0.5","1","2","8","1.","4.25","0","17.43928834507236","7.386991","True",""
"T1c","T1","single","2","1.*^6","{2, 0}","2","2","1000","1000.","404","0.0007876217551248989","4.036977247172599*^-6","0.004036977247172599","0.0033302576825912453","inf","True","0.003972583430452129","0.997856707507848","1","0.5053788130670884","True","True","0.5","1","2","8","1.","4.25","0","17.43928834507236","7.386991","True",""
"T1c","T1","single","2","1.*^6","{2, 0}","3","2","100","100.","42","0.0007815363656422989","5.094190390055952*^-6","0.005094190390055952","0.004421756984281144","0.005133979353917105","False","0.005133979353917105","1.","0","0.5053788130670884","True","True","1.5","1","0","4","18.","54.","10.441588563861567","10.441588563861567","6.482639","True",""
"T1c","T1","single","2","1.*^6","{2, 0}","3","2","100","100.","101","0.0007857597136056098","5.1983708021209095*^-6","0.0051983708021209095","0.0009582528652945431","0.005133979353917105","False","0.005133979353917105","1.","0","0.5053788130670884","True","True","1.5","1","0","4","18.","54.","10.441588563861567","10.441588563861567","6.482639","True",""
"T1c","T1","single","2","1.*^6","{2, 0}","3","2","100","100.","202","0.000784026156519439","5.126149510628654*^-6","0.005126149510628654","0.0012500790740632003","0.005133979353917105","False","0.005133979353917105","1.","0","0.5053788130670884","True","True","1.5","1","0","4","18.","54.","10.441588563861567","10.441588563861567","6.482639","True",""
"T1c","T1","single","2","1.*^6","{2, 0}","3","2","100","100.","303","0.0007790488203693347","5.071619142060467*^-6","0.005071619142060467","0.007590574279487102","0.005133979353917105","False","0.005133979353917105","1.","0","0.5053788130670884","True","True","1.5","1","0","4","18.","54.","10.441588563861567","10.441588563861567","6.482639","True",""
"T1c","T1","single","2","1.*^6","{2, 0}","3","2","100","100.","404","0.0007803758525992035","5.028231276999795*^-6","0.005028231276999796","0.005900103465947631","0.005133979353917105","False","0.005133979353917105","1.","0","0.5053788130670884","True","True","1.5","1","0","4","18.","54.","10.441588563861567","10.441588563861567","6.482639","True",""
"T1c","T1","single","2","1.*^6","{2, 0}","4","2","31.622776601683796","31.622776601683796","42","0.0007853495764891472","4.485043604977047*^-6","0.004485043604977047","0.0004357901780108149","0.004452962786804586","False","0.004452962786804586","1.","0","0.5053788130670884","True","True","1.","1","2","8","2.","7.5","13.879591382179408","13.879591382179408","2.461315","True",""
"T1c","T1","single","2","1.*^6","{2, 0}","4","2","31.622776601683796","31.622776601683796","101","0.0007915711092367905","4.508104790034037*^-6","0.004508104790034037","0.008361234103672581","0.004452962786804586","False","0.004452962786804586","1.","0","0.5053788130670884","True","True","1.","1","2","8","2.","7.5","13.879591382179408","13.879591382179408","2.461315","True",""
"T1c","T1","single","2","1.*^6","{2, 0}","4","2","31.622776601683796","31.622776601683796","202","0.0007900922214619277","4.51599653538722*^-6","0.004515996535387219","0.006477318578762486","0.004452962786804586","False","0.004452962786804586","1.","0","0.5053788130670884","True","True","1.","1","2","8","2.","7.5","13.879591382179408","13.879591382179408","2.461315","True",""
"T1c","T1","single","2","1.*^6","{2, 0}","4","2","31.622776601683796","31.622776601683796","303","0.0007838324862441584","4.419336990402463*^-6","0.0044193369904024634","0.0014967904503531088","0.004452962786804586","False","0.004452962786804586","1.","0","0.5053788130670884","True","True","1.","1","2","8","2.","7.5","13.879591382179408","13.879591382179408","2.461315","True",""
"T1c","T1","single","2","1.*^6","{2, 0}","4","2","31.622776601683796","31.622776601683796","404","0.0007870422344364089","4.524012179537987*^-6","0.004524012179537987","0.0025920217997812208","0.004452962786804586","False","0.004452962786804586","1.","0","0.5053788130670884","True","True","1.","1","2","8","2.","7.5","13.879591382179408","13.879591382179408","2.461315","True",""
"T1c","T1","single","2","1.*^6","{2, 0}","5","2","15.848931924611136","15.848931924611136","42","0.0007815363656422989","5.094190390055952*^-6","0.005094190390055952","0.004421756984281144","0.005133979353917105","False","0.005133979353917105","1.","0","0.5053788130670884","True","True","1.25","0.5","0","4","16.666666666666668","41.66666666666667","10.441588563861567","10.441588563861567","1.814286","True",""
"T1c","T1","single","2","1.*^6","{2, 0}","5","2","15.848931924611136","15.848931924611136","101","0.0007857597136056098","5.1983708021209095*^-6","0.0051983708021209095","0.0009582528652945431","0.005133979353917105","False","0.005133979353917105","1.","0","0.5053788130670884","True","True","1.25","0.5","0","4","16.666666666666668","41.66666666666667","10.441588563861567","10.441588563861567","1.814286","True",""
"T1c","T1","single","2","1.*^6","{2, 0}","5","2","15.848931924611136","15.848931924611136","202","0.000784026156519439","5.126149510628654*^-6","0.005126149510628654","0.0012500790740632003","0.005133979353917105","False","0.005133979353917105","1.","0","0.5053788130670884","True","True","1.25","0.5","0","4","16.666666666666668","41.66666666666667","10.441588563861567","10.441588563861567","1.814286","True",""
"T1c","T1","single","2","1.*^6","{2, 0}","5","2","15.848931924611136","15.848931924611136","303","0.0007790488203693347","5.071619142060467*^-6","0.005071619142060467","0.007590574279487102","0.005133979353917105","False","0.005133979353917105","1.","0","0.5053788130670884","True","True","1.25","0.5","0","4","16.666666666666668","41.66666666666667","10.441588563861567","10.441588563861567","1.814286","True",""
"T1c","T1","single","2","1.*^6","{2, 0}","5","2","15.848931924611136","15.848931924611136","404","0.0007803758525992035","5.028231276999795*^-6","0.005028231276999796","0.005900103465947631","0.005133979353917105","False","0.005133979353917105","1.","0","0.5053788130670884","True","True","1.25","0.5","0","4","16.666666666666668","41.66666666666667","10.441588563861567","10.441588563861567","1.814286","True",""
"T1d","T1","single","2","1.*^7","{2, 0}","1","3","10000000","1.*^7","42","0.00024755720378424255","2.044512993863551*^-6","0.002044512993863551","0.0030939348385047084","inf","True","0.002021047162079501","0.9958891373868757","1","0.5053100755172445","True","True","0.5","1","2","8","1.","4.333333333333334","0","21.331856779334988","2.085208","True",""
"T1d","T1","single","2","1.*^7","{2, 0}","1","3","10000000","1.*^7","101","0.0002504049202694762","2.0465010322520462*^-6","0.002046501032252046","0.008373741288844215","inf","True","0.002021047162079501","0.9958891373868757","1","0.5053100755172445","True","True","0.5","1","2","8","1.","4.333333333333334","0","21.331856779334988","2.085208","True",""
"T1d","T1","single","2","1.*^7","{2, 0}","1","3","10000000","1.*^7","202","0.0002492141770719972","2.036371203908241*^-6","0.0020363712039082413","0.003578651113842886","inf","True","0.002021047162079501","0.9958891373868757","1","0.5053100755172445","True","True","0.5","1","2","8","1.","4.333333333333334","0","21.331856779334988","2.085208","True",""
"T1d","T1","single","2","1.*^7","{2, 0}","1","3","10000000","1.*^7","303","0.0002468947498270951","2.018092357996454*^-6","0.002018092357996454","0.005761618742165577","inf","True","0.002021047162079501","0.9958891373868757","1","0.5053100755172445","True","True","0.5","1","2","8","1.","4.333333333333334","0","21.331856779334988","2.085208","True",""
"T1d","T1","single","2","1.*^7","{2, 0}","1","3","10000000","1.*^7","404","0.00024910134797671954","2.0799354791207063*^-6","0.0020799354791207064","0.0031242914438774547","inf","True","0.002021047162079501","0.9958891373868757","1","0.5053100755172445","True","True","0.5","1","2","8","1.","4.333333333333334","0","21.331856779334988","2.085208","True",""
"T1d","T1","single","2","1.*^7","{2, 0}","2","3","3162.2776601683795","3162.2776601683795","42","0.0002493591602928182","2.2732607942055234*^-6","0.0022732607942055234","0.004162494564866295","inf","True","0.0022204513236847496","1.","1","0.5053100755172445","True","True","0.5","1","2","8","1.","4.25","0","17.672542762703987","6.998306","True",""
"T1d","T1","single","2","1.*^7","{2, 0}","2","3","3162.2776601683795","3162.2776601683795","101","0.000250375360558305","2.198240275956997*^-6","0.002198240275956997","0.008254705143256305","inf","True","0.0022204513236847496","1.","1","0.5053100755172445","True","True","0.5","1","2","8","1.","4.25","0","17.672542762703987","6.998306","True",""
"T1d","T1","single","2","1.*^7","{2, 0}","2","3","3162.2776601683795","3162.2776601683795","202","0.00025065745722225376","2.262995844463263*^-6","0.002262995844463263","0.009390700666527125","inf","True","0.0022204513236847496","1.","1","0.5053100755172445","True","True","0.5","1","2","8","1.","4.25","0","17.672542762703987","6.998306","True",""
"T1d","T1","single","2","1.*^7","{2, 0}","2","3","3162.2776601683795","3162.2776601683795","303","0.00024705532469644517","2.2021237670148514*^-6","0.0022021237670148516","0.00511498815044541","inf","True","0.0022204513236847496","1.","1","0.5053100755172445","True","True","0.5","1","2","8","1.","4.25","0","17.672542762703987","6.998306","True",""
"T1d","T1","single","2","1.*^7","{2, 0}","2","3","3162.2776601683795","3162.2776601683795","404","0.0002504242700464635","2.286334155604757*^-6","0.002286334155604757","0.008451662309696305","inf","True","0.0022204513236847496","1.","1","0.5053100755172445","True","True","0.5","1","2","8","1.","4.25","0","17.672542762703987","6.998306","True",""
"T1d","T1","single","2","1.*^7","{2, 0}","3","3","215.44346900318837","215.44346900318837","42","0.00024544229722011626","2.830783362798125*^-6","0.002830783362798125","0.011610605526322336","0.0028670074152305916","False","0.0028670074152305916","1.","0","0.5053100755172445","True","True","1.5","1","0","4","18.","54.","10.60044075101705","10.60044075101705","6.380471","True",""
"T1d","T1","single","2","1.*^7","{2, 0}","3","3","215.44346900318837","215.44346900318837","101","0.0002523336596603345","3.08636009444687*^-6","0.0030863600944468703","0.016140721879472807","0.0028670074152305916","False","0.0028670074152305916","1.","0","0.5053100755172445","True","True","1.5","1","0","4","18.","54.","10.60044075101705","10.60044075101705","6.380471","True",""
"T1d","T1","single","2","1.*^7","{2, 0}","3","3","215.44346900318837","215.44346900318837","202","0.0002480234270271175","2.856397146474941*^-6","0.0028563971464749412","0.0012164666354530648","0.0028670074152305916","False","0.0028670074152305916","1.","0","0.5053100755172445","True","True","1.5","1","0","4","18.","54.","10.60044075101705","10.60044075101705","6.380471","True",""
"T1d","T1","single","2","1.*^7","{2, 0}","3","3","215.44346900318837","215.44346900318837","303","0.00024765209226511325","2.8933406826737117*^-6","0.0028933406826737117","0.0027118215303562963","0.0028670074152305916","False","0.0028670074152305916","1.","0","0.5053100755172445","True","True","1.5","1","0","4","18.","54.","10.60044075101705","10.60044075101705","6.380471","True",""
"T1d","T1","single","2","1.*^7","{2, 0}","3","3","215.44346900318837","215.44346900318837","404","0.00024997819965453096","2.9432164943756256*^-6","0.0029432164943756257","0.006655349084272703","0.0028670074152305916","False","0.0028670074152305916","1.","0","0.5053100755172445","True","True","1.5","1","0","4","18.","54.","10.60044075101705","10.60044075101705","6.380471","True",""
"T1d","T1","single","2","1.*^7","{2, 0}","4","3","56.234132519034915","56.234132519034915","42","0.0002500150186203575","2.5378501470259226*^-6","0.0025378501470259226","0.006803618049119511","0.002485371021476006","False","0.002485371021476006","1.","0","0.5053100755172445","True","True","1.","1","2","8","2.","7.5","14.105844591129829","14.105844591129829","2.546576","True",""
"T1d","T1","single","2","1.*^7","{2, 0}","4","3","56.234132519034915","56.234132519034915","101","0.0002482542397764812","2.398451436832938*^-6","0.002398451436832938","0.00028699002867314544","0.002485371021476006","False","0.002485371021476006","1.","0","0.5053100755172445","True","True","1.","1","2","8","2.","7.5","14.105844591129829","14.105844591129829","2.546576","True",""
"T1d","T1","single","2","1.*^7","{2, 0}","4","3","56.234132519034915","56.234132519034915","202","0.0002514852951832965","2.5651668279302345*^-6","0.0025651668279302346","0.012724381414729879","0.002485371021476006","False","0.002485371021476006","1.","0","0.5053100755172445","True","True","1.","1","2","8","2.","7.5","14.105844591129829","14.105844591129829","2.546576","True",""
"T1d","T1","single","2","1.*^7","{2, 0}","4","3","56.234132519034915","56.234132519034915","303","0.0002478629048455977","2.4439152899584566*^-6","0.0024439152899584566","0.0018628850547267634","0.002485371021476006","False","0.002485371021476006","1.","0","0.5053100755172445","True","True","1.","1","2","8","2.","7.5","14.105844591129829","14.105844591129829","2.546576","True",""
"T1d","T1","single","2","1.*^7","{2, 0}","4","3","56.234132519034915","56.234132519034915","404","0.00025049315112558185","2.548892390885497*^-6","0.0025488923908854972","0.008729044524789476","0.002485371021476006","False","0.002485371021476006","1.","0","0.5053100755172445","True","True","1.","1","2","8","2.","7.5","14.105844591129829","14.105844591129829","2.546576","True",""
"T1d","T1","single","2","1.*^7","{2, 0}","5","3","25.118864315095802","25.118864315095802","42","0.00024544229722011626","2.830783362798125*^-6","0.002830783362798125","0.011610605526322336","0.0028670074152305916","False","0.0028670074152305916","1.","0","0.5053100755172445","True","True","1.25","0.5","0","4","16.666666666666668","41.66666666666667","10.60044075101705","10.60044075101705","5.682266","True",""
"T1d","T1","single","2","1.*^7","{2, 0}","5","3","25.118864315095802","25.118864315095802","101","0.0002523336596603345","3.08636009444687*^-6","0.0030863600944468703","0.016140721879472807","0.0028670074152305916","False","0.0028670074152305916","1.","0","0.5053100755172445","True","True","1.25","0.5","0","4","16.666666666666668","41.66666666666667","10.60044075101705","10.60044075101705","5.682266","True",""
"T1d","T1","single","2","1.*^7","{2, 0}","5","3","25.118864315095802","25.118864315095802","202","0.0002480234270271175","2.856397146474941*^-6","0.0028563971464749412","0.0012164666354530648","0.0028670074152305916","False","0.0028670074152305916","1.","0","0.5053100755172445","True","True","1.25","0.5","0","4","16.666666666666668","41.66666666666667","10.60044075101705","10.60044075101705","5.682266","True",""
"T1d","T1","single","2","1.*^7","{2, 0}","5","3","25.118864315095802","25.118864315095802","303","0.00024765209226511325","2.8933406826737117*^-6","0.0028933406826737117","0.0027118215303562963","0.0028670074152305916","False","0.0028670074152305916","1.","0","0.5053100755172445","True","True","1.25","0.5","0","4","16.666666666666668","41.66666666666667","10.60044075101705","10.60044075101705","5.682266","True",""
"T1d","T1","single","2","1.*^7","{2, 0}","5","3","25.118864315095802","25.118864315095802","404","0.00024997819965453096","2.9432164943756256*^-6","0.0029432164943756257","0.006655349084272703","0.0028670074152305916","False","0.0028670074152305916","1.","0","0.5053100755172445","True","True","1.25","0.5","0","4","16.666666666666668","41.66666666666667","10.60044075101705","10.60044075101705","5.682266","True",""
"T1e","T1","single","2","1.*^9","{2, 0}","1","3","1000000000","1.*^9","42","0.00002474215126055181","6.37059219833221*^-7","0.000637059219833221","0.0037817661771160234","inf","True","0.0006361739201323781","0.9986901412488938","1","0.50528146135819","True","True","0.5","1","2","8","1.","4.333333333333334","0","21.53745600534179","6.783774","True",""
"T1e","T1","single","2","1.*^9","{2, 0}","1","3","1000000000","1.*^9","101","0.000024152538946258094","5.533088078981263*^-7","0.0005533088078981263","0.02752192248771206","inf","True","0.0006361739201323781","0.9986901412488938","1","0.50528146135819","True","True","0.5","1","2","8","1.","4.333333333333334","0","21.53745600534179","6.783774","True",""
"T1e","T1","single","2","1.*^9","{2, 0}","1","3","1000000000","1.*^9","202","0.000024244048521963683","6.020251245128558*^-7","0.0006020251245128558","0.0238373799866462","inf","True","0.0006361739201323781","0.9986901412488938","1","0.50528146135819","True","True","0.5","1","2","8","1.","4.333333333333334","0","21.53745600534179","6.783774","True",""
"T1e","T1","single","2","1.*^9","{2, 0}","1","3","1000000000","1.*^9","303","0.000024374264671523454","5.996546781603229*^-7","0.0005996546781603228","0.018594355596261828","inf","True","0.0006361739201323781","0.9986901412488938","1","0.50528146135819","True","True","0.5","1","2","8","1.","4.333333333333334","0","21.53745600534179","6.783774","True",""
"T1e","T1","single","2","1.*^9","{2, 0}","1","3","1000000000","1.*^9","404","0.000024966258054921783","6.54399578187822*^-7","0.000654399578187822","0.005241672105347286","inf","True","0.0006361739201323781","0.9986901412488938","1","0.50528146135819","True","True","0.5","1","2","8","1.","4.333333333333334","0","21.53745600534179","6.783774","True",""
"T1e","T1","single","2","1.*^9","{2, 0}","2","3","31622.776601683796","31622.776601683796","42","0.00002475089609814236","7.081310878816942*^-7","0.0007081310878816942","0.0034296639460778587","inf","True","0.0006976854538205627","0.9997812171212197","1","0.50528146135819","True","True","0.5","1","2","8","1.","4.25","0","17.90716309643217","6.820201","True",""
"T1e","T1","single","2","1.*^9","{2, 0}","2","3","31622.776601683796","31622.776601683796","101","0.000024307152315799563","6.172443360596404*^-7","0.0006172443360596404","0.021296568180078065","inf","True","0.0006976854538205627","0.9997812171212197","1","0.50528146135819","True","True","0.5","1","2","8","1.","4.25","0","17.90716309643217","6.820201","True",""
"T1e","T1","single","2","1.*^9","{2, 0}","2","3","31622.776601683796","31622.776601683796","202","0.000024070945314365955","6.559822929538646*^-7","0.0006559822929538647","0.03080720932468891","inf","True","0.0006976854538205627","0.9997812171212197","1","0.50528146135819","True","True","0.5","1","2","8","1.","4.25","0","17.90716309643217","6.820201","True",""
"T1e","T1","single","2","1.*^9","{2, 0}","2","3","31622.776601683796","31622.776601683796","303","0.000024160301760226933","6.484882552459249*^-7","0.0006484882552459249","0.027209360465917983","inf","True","0.0006976854538205627","0.9997812171212197","1","0.50528146135819","True","True","0.5","1","2","8","1.","4.25","0","17.90716309643217","6.820201","True",""
"T1e","T1","single","2","1.*^9","{2, 0}","2","3","31622.776601683796","31622.776601683796","404","0.000025106026820823164","7.262167322518125*^-7","0.0007262167322518125","0.010869323138743022","inf","True","0.0006976854538205627","0.9997812171212197","1","0.50528146135819","True","True","0.5","1","2","8","1.","4.25","0","17.90716309643217","6.820201","True",""
"T1e","T1","single","2","1.*^9","{2, 0}","3","3","1000","1000.","42","0.000024151408592860964","9.191455118299996*^-7","0.0009191455118299996","0.027567435048565205","0.0009005505264462713","False","0.0009005505264462713","1.","0","0.50528146135819","True","True","1.5","1","0","4","18.","54.","10.74805690259526","10.74805690259526","6.510667","True",""
"T1e","T1","single","2","1.*^9","{2, 0}","3","3","1000","1000.","101","0.000026861692597598135","1.1119956369117778*^-6","0.0011119956369117778","0.0815594681024367","0.0009005505264462713","False","0.0009005505264462713","1.","0","0.50528146135819","True","True","1.5","1","0","4","18.","54.","10.74805690259526","10.74805690259526","6.510667","True",""
"T1e","T1","single","2","1.*^9","{2, 0}","3","3","1000","1000.","202","0.000024248820885856362","8.091642294202799*^-7","0.0008091642294202799","0.02364522547759566","0.0009005505264462713","False","0.0009005505264462713","1.","0","0.50528146135819","True","True","1.5","1","0","4","18.","54.","10.74805690259526","10.74805690259526","6.510667","True",""
"T1e","T1","single","2","1.*^9","{2, 0}","3","3","1000","1000.","303","0.000025893398914975042","1.0631427780060605*^-6","0.0010631427780060606","0.04257208126746023","0.0009005505264462713","False","0.0009005505264462713","1.","0","0.50528146135819","True","True","1.5","1","0","4","18.","54.","10.74805690259526","10.74805690259526","6.510667","True",""
"T1e","T1","single","2","1.*^9","{2, 0}","3","3","1000","1000.","404","0.000026261719393946846","1.025984028026964*^-6","0.001025984028026964","0.05740214083576903","0.0009005505264462713","False","0.0009005505264462713","1.","0","0.50528146135819","True","True","1.5","1","0","4","18.","54.","10.74805690259526","10.74805690259526","6.510667","True",""
"T1e","T1","single","2","1.*^9","{2, 0}","4","3","177.82794100389228","177.82794100389228","42","0.000025086802239993786","8.169751864408547*^-7","0.0008169751864408547","0.01009526441773103","0.0007801552934764612","False","0.0007801552934764612","1.","0","0.50528146135819","True","True","1.","1","2","8","2.","7.5","14.32135158614034","14.32135158614034","9.207811","True",""
"T1e","T1","single","2","1.*^9","{2, 0}","4","3","177.82794100389228","177.82794100389228","101","0.000024793174571828965","7.140969417475732*^-7","0.0007140969417475732","0.001727363045026054","0.0007801552934764612","False","0.0007801552934764612","1.","0","0.50528146135819","True","True","1.","1","2","8","2.","7.5","14.32135158614034","14.32135158614034","9.207811","True",""
"T1e","T1","single","2","1.*^9","{2, 0}","4","3","177.82794100389228","177.82794100389228","202","0.000024139021511921998","7.4623855496124*^-7","0.00074623855496124","0.028066188603391017","0.0007801552934764612","False","0.0007801552934764612","1.","0","0.50528146135819","True","True","1.","1","2","8","2.","7.5","14.32135158614034","14.32135158614034","9.207811","True",""
"T1e","T1","single","2","1.*^9","{2, 0}","4","3","177.82794100389228","177.82794100389228","303","0.00002413403130262179","7.063954686052446*^-7","0.0007063954686052446","0.028267114442179584","0.0007801552934764612","False","0.0007801552934764612","1.","0","0.50528146135819","True","True","1.","1","2","8","2.","7.5","14.32135158614034","14.32135158614034","9.207811","True",""
"T1e","T1","single","2","1.*^9","{2, 0}","4","3","177.82794100389228","177.82794100389228","404","0.00002511901240675484","8.014970087633066*^-7","0.0008014970087633066","0.011392174904775038","0.0007801552934764612","False","0.0007801552934764612","1.","0","0.50528146135819","True","True","1.","1","2","8","2.","7.5","14.32135158614034","14.32135158614034","9.207811","True",""
"T1e","T1","single","2","1.*^9","{2, 0}","5","3","63.095734448019336","63.095734448019336","42","0.000024151408592860964","9.191455118299996*^-7","0.0009191455118299996","0.027567435048565205","0.0009005505264462713","False","0.0009005505264462713","1.","0","0.50528146135819","True","True","1.25","0.5","0","4","16.666666666666668","41.66666666666667","10.74805690259526","10.74805690259526","5.818883","True",""
"T1e","T1","single","2","1.*^9","{2, 0}","5","3","63.095734448019336","63.095734448019336","101","0.000026861692597598135","1.1119956369117778*^-6","0.0011119956369117778","0.0815594681024367","0.0009005505264462713","False","0.0009005505264462713","1.","0","0.50528146135819","True","True","1.25","0.5","0","4","16.666666666666668","41.66666666666667","10.74805690259526","10.74805690259526","5.818883","True",""
"T1e","T1","single","2","1.*^9","{2, 0}","5","3","63.095734448019336","63.095734448019336","202","0.000024248820885856362","8.091642294202799*^-7","0.0008091642294202799","0.02364522547759566","0.0009005505264462713","False","0.0009005505264462713","1.","0","0.50528146135819","True","True","1.25","0.5","0","4","16.666666666666668","41.66666666666667","10.74805690259526","10.74805690259526","5.818883","True",""
"T1e","T1","single","2","1.*^9","{2, 0}","5","3","63.095734448019336","63.095734448019336","303","0.000025893398914975042","1.0631427780060605*^-6","0.0010631427780060606","0.04257208126746023","0.0009005505264462713","False","0.0009005505264462713","1.","0","0.50528146135819","True","True","1.25","0.5","0","4","16.666666666666668","41.66666666666667","10.74805690259526","10.74805690259526","5.818883","True",""
"T1e","T1","single","2","1.*^9","{2, 0}","5","3","63.095734448019336","63.095734448019336","404","0.000026261719393946846","1.025984028026964*^-6","0.001025984028026964","0.05740214083576903","0.0009005505264462713","False","0.0009005505264462713","1.","0","0.50528146135819","True","True","1.25","0.5","0","4","16.666666666666668","41.66666666666667","10.74805690259526","10.74805690259526","5.818883","True",""
"T1e","T1","single","2","1.*^9","{2, 0}","6","3","31.622776601683796","31.622776601683796","42","0.000024151408592860964","9.191455118299996*^-7","0.0009191455118299996","0.027567435048565205","0.0009005505264462712","False","0.0009005505264462712","1.","0","0.50528146135819","True","True","1.5","0.5","0","4","9.","27.","10.748056902595266","10.748056902595266","2.010629","True",""
"T1e","T1","single","2","1.*^9","{2, 0}","6","3","31.622776601683796","31.622776601683796","101","0.000026861692597598135","1.1119956369117778*^-6","0.0011119956369117778","0.0815594681024367","0.0009005505264462712","False","0.0009005505264462712","1.","0","0.50528146135819","True","True","1.5","0.5","0","4","9.","27.","10.748056902595266","10.748056902595266","2.010629","True",""
"T1e","T1","single","2","1.*^9","{2, 0}","6","3","31.622776601683796","31.622776601683796","202","0.000024248820885856362","8.091642294202799*^-7","0.0008091642294202799","0.02364522547759566","0.0009005505264462712","False","0.0009005505264462712","1.","0","0.50528146135819","True","True","1.5","0.5","0","4","9.","27.","10.748056902595266","10.748056902595266","2.010629","True",""
"T1e","T1","single","2","1.*^9","{2, 0}","6","3","31.622776601683796","31.622776601683796","303","0.000025893398914975042","1.0631427780060605*^-6","0.0010631427780060606","0.04257208126746023","0.0009005505264462712","False","0.0009005505264462712","1.","0","0.50528146135819","True","True","1.5","0.5","0","4","9.","27.","10.748056902595266","10.748056902595266","2.010629","True",""
"T1e","T1","single","2","1.*^9","{2, 0}","6","3","31.622776601683796","31.622776601683796","404","0.000026261719393946846","1.025984028026964*^-6","0.001025984028026964","0.05740214083576903","0.0009005505264462712","False","0.0009005505264462712","1.","0","0.50528146135819","True","True","1.5","0.5","0","4","9.","27.","10.748056902595266","10.748056902595266","2.010629","True",""
"T2a","T2","single","2","0.0001","{2, 0}","1","2","0.0001","0.0001","42","12.535973867441395","0.5687810987823888","568.7810987823888","0.04233097451449268","inf","True","19131.380187542967","0.9911208444250621","1","2.3606051375286605","True","True","0.5","1","0","8","1.","5.666666666666667","0","0.08254857659140903","3.202485","True",""
"T2a","T2","single","2","0.0001","{2, 0}","1","2","0.0001","0.0001","101","12.311005886157528","0.17558528708323945","175.58528708323945","0.0595171037837248","inf","True","19131.380187542967","0.9911208444250621","1","2.3606051375286605","True","True","0.5","1","0","8","1.","5.666666666666667","0","0.08254857659140903","3.202485","True",""
"T2a","T2","single","2","0.0001","{2, 0}","1","2","0.0001","0.0001","202","12.33710665434149","0.3062801865689906","306.2801865689906","0.05752317036495166","inf","True","19131.380187542967","0.9911208444250621","1","2.3606051375286605","True","True","0.5","1","0","8","1.","5.666666666666667","0","0.08254857659140903","3.202485","True",""
"T2a","T2","single","2","0.0001","{2, 0}","1","2","0.0001","0.0001","303","12.144932843648109","0.1734155413828758","173.4155413828758","0.07220403265428325","inf","True","19131.380187542967","0.9911208444250621","1","2.3606051375286605","True","True","0.5","1","0","8","1.","5.666666666666667","0","0.08254857659140903","3.202485","True",""
"T2a","T2","single","2","0.0001","{2, 0}","1","2","0.0001","0.0001","404","12.487795808538507","0.4003558836572398","400.35588365723976","0.04601147315043384","inf","True","19131.380187542967","0.9911208444250621","1","2.3606051375286605","True","True","0.5","1","0","8","1.","5.666666666666667","0","0.08254857659140903","3.202485","True",""
"T2a","T2","single","2","0.0001","{2, 0}","2","2","0.01","0.01","42","12.670449582497463","0.27037400119204025","270.3740011920402","0.032057881386587495","inf","True","298.62505328517335","0.9592376859708128","2","2.3606051375286605","True","True","0.5","1","0","8","1.","5.75","0","338.8049236756538","3.183448","True",""
"T2a","T2","single","2","0.0001","{2, 0}","2","2","0.01","0.01","101","12.890226624209614","0.24543465991751828","245.43465991751827","0.01526830703152217","inf","True","298.62505328517335","0.9592376859708128","2","2.3606051375286605","True","True","0.5","1","0","8","1.","5.75","0","338.8049236756538","3.183448","True",""
"T2a","T2","single","2","0.0001","{2, 0}","2","2","0.01","0.01","202","13.279354129037023","0.7722272140459998","772.2272140459999","0.014458570375707996","inf","True","298.62505328517335","0.9592376859708128","2","2.3606051375286605","True","True","0.5","1","0","8","1.","5.75","0","338.8049236756538","3.183448","True",""
"T2a","T2","single","2","0.0001","{2, 0}","2","2","0.01","0.01","303","12.827071613976656","0.32813321520514427","328.13321520514427","0.02009294991478531","inf","True","298.62505328517335","0.9592376859708128","2","2.3606051375286605","True","True","0.5","1","0","8","1.","5.75","0","338.8049236756538","3.183448","True",""
"T2a","T2","single","2","0.0001","{2, 0}","2","2","0.01","0.01","404","12.3929459886221","0.17968138014997445","179.68138014997444","0.05325739880147068","inf","True","298.62505328517335","0.9592376859708128","2","2.3606051375286605","True","True","0.5","1","0","8","1.","5.75","0","338.8049236756538","3.183448","True",""
"T2a","T2","single","2","0.0001","{2, 0}","3","2","0.046415888336127795","0.046415888336127795","42","13.243281077154073","0.3731601629717534","373.16016297175344","0.01170281762699209","366.6213457951073","False","366.6213457951073","1.","0","2.3605924927570503","True","True","1.5","1","0","4","18.","54.","224.7846748502259","224.7846748502259","1.983866","True",""
"T2a","T2","single","2","0.0001","{2, 0}","3","2","0.046415888336127795","0.046415888336127795","101","12.566898942524485","0.3118390588343087","311.8390588343087","0.039968494596214627","366.6213457951073","False","366.6213457951073","1.","0","2.3605924927570503","True","True","1.5","1","0","4","18.","54.","224.7846748502259","224.7846748502259","1.983866","True",""
"T2a","T2","single","2","0.0001","{2, 0}","3","2","0.046415888336127795","0.046415888336127795","202","13.003801763540357","0.3539165099488306","353.9165099488306","0.006591885546252016","366.6213457951073","False","366.6213457951073","1.","0","2.3605924927570503","True","True","1.5","1","0","4","18.","54.","224.7846748502259","224.7846748502259","1.983866","True",""
"T2a","T2","single","2","0.0001","{2, 0}","3","2","0.046415888336127795","0.046415888336127795","303","13.002741045050286","0.34627790530483155","346.27790530483156","0.006672917722407052","366.6213457951073","False","366.6213457951073","1.","0","2.3605924927570503","True","True","1.5","1","0","4","18.","54.","224.7846748502259","224.7846748502259","1.983866","True",""
"T2a","T2","single","2","0.0001","{2, 0}","3","2","0.046415888336127795","0.046415888336127795","404","13.366503544016082","0.3842576074414826","384.25760744148255","0.021116233848618705","366.6213457951073","False","366.6213457951073","1.","0","2.3605924927570503","True","True","1.5","1","0","4","18.","54.","224.7846748502259","224.7846748502259","1.983866","True",""
"T2a","T2","single","2","0.0001","{2, 0}","4","2","0.1","0.1","42","12.874260417275629","0.7019178163213056","701.9178163213055","0.01648802414300099","728.9961888241919","False","728.9961888241919","1.","0","2.3606051375286605","True","True","1.","1","1","8","2.","9.5","56.85277635114951","56.85277635114951","2.721372","True",""
"T2a","T2","single","2","0.0001","{2, 0}","4","2","0.1","0.1","101","12.853652809380431","0.3435102764090676","343.5102764090676","0.018062314898491298","728.9961888241919","False","728.9961888241919","1.","0","2.3606051375286605","True","True","1.","1","1","8","2.","9.5","56.85277635114951","56.85277635114951","2.721372","True",""
"T2a","T2","single","2","0.0001","{2, 0}","4","2","0.1","0.1","202","12.180632151680953","0.22000088632146175","220.00088632146176","0.06947683156916332","728.9961888241919","False","728.9961888241919","1.","0","2.3606051375286605","True","True","1.","1","1","8","2.","9.5","56.85277635114951","56.85277635114951","2.721372","True",""
"T2a","T2","single","2","0.0001","{2, 0}","4","2","0.1","0.1","303","12.466785789959927","0.18663261564174047","186.63261564174047","0.04761650553406377","728.9961888241919","False","728.9961888241919","1.","0","2.3606051375286605","True","True","1.","1","1","8","2.","9.5","56.85277635114951","56.85277635114951","2.721372","True",""
"T2a","T2","single","2","0.0001","{2, 0}","4","2","0.1","0.1","404","12.51629450144031","0.21364234013435468","213.64234013435467","0.04383435346691536","728.9961888241919","False","728.9961888241919","1.","0","2.3606051375286605","True","True","1.","1","1","8","2.","9.5","56.85277635114951","56.85277635114951","2.721372","True",""
"T2b","T2","single","2","1.*^-6","{2, 0}","1","2","1.*^-6","1.*^-6","42","37.01873254926711","0.2639223894343542","263.9223894343542","0.16829468583574206","inf","True","2.263982664420806*^7","0.9973156990111733","1","4.33784780279783","True","True","0.5","1","0","8","1.","5.666666666666667","0","0.001862445281201755","3.161387","True",""
"T2b","T2","single","2","1.*^-6","{2, 0}","1","2","1.*^-6","1.*^-6","101","37.22966385440545","0.25767526451844197","257.67526451844196","0.16355566114942466","inf","True","2.263982664420806*^7","0.9973156990111733","1","4.33784780279783","True","True","0.5","1","0","8","1.","5.666666666666667","0","0.001862445281201755","3.161387","True",""
"T2b","T2","single","2","1.*^-6","{2, 0}","1","2","1.*^-6","1.*^-6","202","37.17651984173999","0.3112727580178407","311.2727580178407","0.16474965550595896","inf","True","2.263982664420806*^7","0.9973156990111733","1","4.33784780279783","True","True","0.5","1","0","8","1.","5.666666666666667","0","0.001862445281201755","3.161387","True",""
"T2b","T2","single","2","1.*^-6","{2, 0}","1","2","1.*^-6","1.*^-6","303","37.68241398854114","0.5893089814461873","589.3089814461873","0.15338365723091962","inf","True","2.263982664420806*^7","0.9973156990111733","1","4.33784780279783","True","True","0.5","1","0","8","1.","5.666666666666667","0","0.001862445281201755","3.161387","True",""
"T2b","T2","single","2","1.*^-6","{2, 0}","1","2","1.*^-6","1.*^-6","404","37.375230999027146","0.3008560194319085","300.85601943190846","0.1602851826804913","inf","True","2.263982664420806*^7","0.9973156990111733","1","4.33784780279783","True","True","0.5","1","0","8","1.","5.666666666666667","0","0.001862445281201755","3.161387","True",""
"T2b","T2","single","2","1.*^-6","{2, 0}","2","2","0.001","0.001","42","38.15118355674976","0.6398683957443664","639.8683957443664","0.1428517423286816","inf","True","240082.86209870988","0.9997247896255499","1","4.33784780279783","True","True","0.5","1","0","8","1.","5.75","0","16.561794690248615","3.167229","True",""
"T2b","T2","single","2","1.*^-6","{2, 0}","2","2","0.001","0.001","101","38.10194785764134","0.34035393917930107","340.35393917930105","0.14395792802913915","inf","True","240082.86209870988","0.9997247896255499","1","4.33784780279783","True","True","0.5","1","0","8","1.","5.75","0","16.561794690248615","3.167229","True",""
"T2b","T2","single","2","1.*^-6","{2, 0}","2","2","0.001","0.001","202","37.742463753903884","0.3458675713863185","345.8675713863185","0.15203451031185533","inf","True","240082.86209870988","0.9997247896255499","1","4.33784780279783","True","True","0.5","1","0","8","1.","5.75","0","16.561794690248615","3.167229","True",""
"T2b","T2","single","2","1.*^-6","{2, 0}","2","2","0.001","0.001","303","38.656947599554506","0.826182682786775","826.182682786775","0.1314886671192837","inf","True","240082.86209870988","0.9997247896255499","1","4.33784780279783","True","True","0.5","1","0","8","1.","5.75","0","16.561794690248615","3.167229","True",""
"T2b","T2","single","2","1.*^-6","{2, 0}","2","2","0.001","0.001","404","38.46739751037735","0.8263359548097989","826.335954809799","0.13574731687881114","inf","True","240082.86209870988","0.9997247896255499","1","4.33784780279783","True","True","0.5","1","0","8","1.","5.75","0","16.561794690248615","3.167229","True",""
"T2b","T2","single","2","1.*^-6","{2, 0}","3","2","0.01","0.01","42","35.4434502589193","0.13571060483157485","135.71060483157484","0.20368678496953746","22898.220891449037","False","22898.220891449037","1.","0","4.337860908859644","True","True","1.5","1","0","4","18.","54.","1820.6490341537533","1820.6490341537533","1.887078","True",""
"T2b","T2","single","2","1.*^-6","{2, 0}","3","2","0.01","0.01","101","35.46448905924483","0.13583274823531072","135.83274823531073","0.20321410314524485","22898.220891449037","False","22898.220891449037","1.","0","4.337860908859644","True","True","1.5","1","0","4","18.","54.","1820.6490341537533","1820.6490341537533","1.887078","True",""
"T2b","T2","single","2","1.*^-6","{2, 0}","3","2","0.01","0.01","202","35.556861002082165","0.13611083520000747","136.11083520000747","0.2011387691063163","22898.220891449037","False","22898.220891449037","1.","0","4.337860908859644","True","True","1.5","1","0","4","18.","54.","1820.6490341537533","1820.6490341537533","1.887078","True",""
"T2b","T2","single","2","1.*^-6","{2, 0}","3","2","0.01","0.01","303","35.513176673453835","0.13595853729681956","135.95853729681957","0.20212023134891274","22898.220891449037","False","22898.220891449037","1.","0","4.337860908859644","True","True","1.5","1","0","4","18.","54.","1820.6490341537533","1820.6490341537533","1.887078","True",""
"T2b","T2","single","2","1.*^-6","{2, 0}","3","2","0.01","0.01","404","35.38319553742459","0.13582178651282958","135.8217865128296","0.20504053666819275","22898.220891449037","False","22898.220891449037","1.","0","4.337860908859644","True","True","1.5","1","0","4","18.","54.","1820.6490341537533","1820.6490341537533","1.887078","True",""
"T2b","T2","single","2","1.*^-6","{2, 0}","4","2","0.0316227766016838","0.0316227766016838","42","38.25278465170708","1.2271656207864965","1227.1656207864964","0.14056905557033697","130630.14677309645","False","130630.14677309645","1.","0","4.33784780279783","True","True","1.","1","1","8","2.","9.5","55.942630873632055","55.942630873632055","8.728938","True",""
"T2b","T2","single","2","1.*^-6","{2, 0}","4","2","0.0316227766016838","0.0316227766016838","101","37.784501612970345","0.4696508124269231","469.6508124269231","0.15109003954330233","130630.14677309645","False","130630.14677309645","1.","0","4.33784780279783","True","True","1.","1","1","8","2.","9.5","55.942630873632055","55.942630873632055","8.728938","True",""
"T2b","T2","single","2","1.*^-6","{2, 0}","4","2","0.0316227766016838","0.0316227766016838","202","37.217526071025276","0.33323678433604653","333.2367843360465","0.16382836251557845","130630.14677309645","False","130630.14677309645","1.","0","4.33784780279783","True","True","1.","1","1","8","2.","9.5","55.942630873632055","55.942630873632055","8.728938","True",""
"T2b","T2","single","2","1.*^-6","{2, 0}","4","2","0.0316227766016838","0.0316227766016838","303","37.502594870808075","0.27529872054565663","275.29872054565664","0.1574236798223976","130630.14677309645","False","130630.14677309645","1.","0","4.33784780279783","True","True","1.","1","1","8","2.","9.5","55.942630873632055","55.942630873632055","8.728938","True",""
"T2b","T2","single","2","1.*^-6","{2, 0}","4","2","0.0316227766016838","0.0316227766016838","404","37.69645109626892","0.3071521991481723","307.1521991481723","0.15306828346502546","130630.14677309645","False","130630.14677309645","1.","0","4.33784780279783","True","True","1.","1","1","8","2.","9.5","55.942630873632055","55.942630873632055","8.728938","True",""
"T2c","T2","single","2","1.*^-7","{2, 0}","1","3","1.*^-7","1.*^-7","42","65.46567977861038","0.4099463807291321","409.9463807291321","0.1850849870982243","inf","True","7.589336289342193*^6","0.9985029102076265","1","5.8228450821273565","True","True","0.5","1","0","8","1.","5.666666666666667","0","2.96144916650539","3.095616","True",""
"T2c","T2","single","2","1.*^-7","{2, 0}","1","3","1.*^-7","1.*^-7","101","65.66672434467003","0.40671668284840967","406.7166828484097","0.18258238977244412","inf","True","7.589336289342193*^6","0.9985029102076265","1","5.8228450821273565","True","True","0.5","1","0","8","1.","5.666666666666667","0","2.96144916650539","3.095616","True",""
"T2c","T2","single","2","1.*^-7","{2, 0}","1","3","1.*^-7","1.*^-7","202","65.50570133006417","0.44230061739087956","442.30061739087955","0.18458679990717078","inf","True","7.589336289342193*^6","0.9985029102076265","1","5.8228450821273565","True","True","0.5","1","0","8","1.","5.666666666666667","0","2.96144916650539","3.095616","True",""
"T2c","T2","single","2","1.*^-7","{2, 0}","1","3","1.*^-7","1.*^-7","303","65.9151528066876","0.6687366165117467","668.7366165117467","0.17948995899016476","inf","True","7.589336289342193*^6","0.9985029102076265","1","5.8228450821273565","True","True","0.5","1","0","8","1.","5.666666666666667","0","2.96144916650539","3.095616","True",""
"T2c","T2","single","2","1.*^-7","{2, 0}","1","3","1.*^-7","1.*^-7","404","65.88941364342973","0.4171068549398023","417.1068549398023","0.17981035939888732","inf","True","7.589336289342193*^6","0.9985029102076265","1","5.8228450821273565","True","True","0.5","1","0","8","1.","5.666666666666667","0","2.96144916650539","3.095616","True",""
"T2c","T2","single","2","1.*^-7","{2, 0}","2","3","0.00031622776601683794","0.00031622776601683794","42","65.97262203572144","0.4849019026454632","484.90190264546317","0.1787745835800576","inf","True","3.4780391288963733*^6","                                                                                                                                                         sumI1Conv$70355 If[64.7123 + Abs[NIntegrate[integrand$70922, {tsyv1399, 0, 1}, {tsyv1400, 0, 1}, MaxRecursion -> 12, PrecisionGoal -> 4, Method -> GlobalAdaptive]] > 0, ---------------, Indeterminate]                                                                                                                                                          sumI1All$70355","2","inf","True","True","0.5","1","0","8","1.","5.75","0","14.100773917114301","3.067938","True",""
"T2c","T2","single","2","1.*^-7","{2, 0}","2","3","0.00031622776601683794","0.00031622776601683794","101","66.2407206548698","0.4592425710132079","459.2425710132079","0.17543729921333176","inf","True","3.4780391288963733*^6","                                                                                                                                                         sumI1Conv$70355 If[64.7123 + Abs[NIntegrate[integrand$70922, {tsyv1399, 0, 1}, {tsyv1400, 0, 1}, MaxRecursion -> 12, PrecisionGoal -> 4, Method -> GlobalAdaptive]] > 0, ---------------, Indeterminate]                                                                                                                                                          sumI1All$70355","2","inf","True","True","0.5","1","0","8","1.","5.75","0","14.100773917114301","3.067938","True",""
"T2c","T2","single","2","1.*^-7","{2, 0}","2","3","0.00031622776601683794","0.00031622776601683794","202","65.9260930460389","0.4767466152373062","476.74661523730623","0.1793537751863417","inf","True","3.4780391288963733*^6","                                                                                                                                                         sumI1Conv$70355 If[64.7123 + Abs[NIntegrate[integrand$70922, {tsyv1399, 0, 1}, {tsyv1400, 0, 1}, MaxRecursion -> 12, PrecisionGoal -> 4, Method -> GlobalAdaptive]] > 0, ---------------, Indeterminate]                                                                                                                                                          sumI1All$70355","2","inf","True","True","0.5","1","0","8","1.","5.75","0","14.100773917114301","3.067938","True",""
"T2c","T2","single","2","1.*^-7","{2, 0}","2","3","0.00031622776601683794","0.00031622776601683794","303","66.52696569729716","0.8207201806834139","820.7201806834139","0.17187412865997306","inf","True","3.4780391288963733*^6","                                                                                                                                                         sumI1Conv$70355 If[64.7123 + Abs[NIntegrate[integrand$70922, {tsyv1399, 0, 1}, {tsyv1400, 0, 1}, MaxRecursion -> 12, PrecisionGoal -> 4, Method -> GlobalAdaptive]] > 0, ---------------, Indeterminate]                                                                                                                                                          sumI1All$70355","2","inf","True","True","0.5","1","0","8","1.","5.75","0","14.100773917114301","3.067938","True",""
"T2c","T2","single","2","1.*^-7","{2, 0}","2","3","0.00031622776601683794","0.00031622776601683794","404","66.32138414778238","0.469892824363112","469.892824363112","0.17443320223320644","inf","True","3.4780391288963733*^6","                                                                                                                                                         sumI1Conv$70355 If[64.7123 + Abs[NIntegrate[integrand$70922, {tsyv1399, 0, 1}, {tsyv1400, 0, 1}, MaxRecursion -> 12, PrecisionGoal -> 4, Method -> GlobalAdaptive]] > 0, ---------------, Indeterminate]                                                                                                                                                          sumI1All$70355","2","inf","True","True","0.5","1","0","8","1.","5.75","0","14.100773917114301","3.067938","True",""
"T2c","T2","single","2","1.*^-7","{2, 0}","3","3","0.004641588833612779","0.004641588833612779","42","63.616072808241334","0.32794956291492483","327.94956291492485","0.20810884468618104","175390.83503535925","False","175390.83503535925","1.","0","5.822823713630305","True","True","1.5","1","0","4","18.","54.","5544.955755394501","5544.955755394501","1.903031","True",""
"T2c","T2","single","2","1.*^-7","{2, 0}","3","3","0.004641588833612779","0.004641588833612779","101","63.5503595507763","0.3281960352144568","328.1960352144568","0.2089268415394335","175390.83503535925","False","175390.83503535925","1.","0","5.822823713630305","True","True","1.5","1","0","4","18.","54.","5544.955755394501","5544.955755394501","1.903031","True",""
"T2c","T2","single","2","1.*^-7","{2, 0}","3","3","0.004641588833612779","0.004641588833612779","202","64.0229732045377","0.329869002524514","329.86900252451403","0.20304375954815218","175390.83503535925","False","175390.83503535925","1.","0","5.822823713630305","True","True","1.5","1","0","4","18.","54.","5544.955755394501","5544.955755394501","1.903031","True",""
"T2c","T2","single","2","1.*^-7","{2, 0}","3","3","0.004641588833612779","0.004641588833612779","303","63.820755889838786","0.3289407360631267","328.9407360631267","0.20556095521730453","175390.83503535925","False","175390.83503535925","1.","0","5.822823713630305","True","True","1.5","1","0","4","18.","54.","5544.955755394501","5544.955755394501","1.903031","True",""
"T2c","T2","single","2","1.*^-7","{2, 0}","3","3","0.004641588833612779","0.004641588833612779","404","63.618799234982426","0.3288839293317564","328.8839293317564","0.20807490619978014","175390.83503535925","False","175390.83503535925","1.","0","5.822823713630305","True","True","1.5","1","0","4","18.","54.","5544.955755394501","5544.955755394501","1.903031","True",""
"T2c","T2","single","2","1.*^-7","{2, 0}","4","3","0.01778279410038923","0.01778279410038923","42","65.80368137071828","1.270599818116791","1270.599818116791","0.18087755241298292","1.7430612942738151*^6","False","1.7430612942738151*^6","1.","0","5.822845082127353","True","True","1.","1","1","8","2.","9.5","56.14182915283877","56.14182915283877","2.595007","True",""
"T2c","T2","single","2","1.*^-7","{2, 0}","4","3","0.01778279410038923","0.01778279410038923","101","65.77685911146239","0.6075608357275923","607.5608357275923","0.181211435171422","1.7430612942738151*^6","False","1.7430612942738151*^6","1.","0","5.822845082127353","True","True","1.","1","1","8","2.","9.5","56.14182915283877","56.14182915283877","2.595007","True",""
"T2c","T2","single","2","1.*^-7","{2, 0}","4","3","0.01778279410038923","0.01778279410038923","202","66.14539688237997","0.6907475809637947","690.7475809637947","0.17662388695749173","1.7430612942738151*^6","False","1.7430612942738151*^6","1.","0","5.822845082127353","True","True","1.","1","1","8","2.","9.5","56.14182915283877","56.14182915283877","2.595007","True",""
"T2c","T2","single","2","1.*^-7","{2, 0}","4","3","0.01778279410038923","0.01778279410038923","303","65.40495847553602","0.4864822762706757","486.4822762706757","0.18584084423811184","1.7430612942738151*^6","False","1.7430612942738151*^6","1.","0","5.822845082127353","True","True","1.","1","1","8","2.","9.5","56.14182915283877","56.14182915283877","2.595007","True",""
"T2c","T2","single","2","1.*^-7","{2, 0}","4","3","0.01778279410038923","0.01778279410038923","404","66.77415671536582","0.7088684760871082","708.8684760871082","0.1687971015465321","1.7430612942738151*^6","False","1.7430612942738151*^6","1.","0","5.822845082127353","True","True","1.","1","1","8","2.","9.5","56.14182915283877","56.14182915283877","2.595007","True",""
"T2c","T2","single","2","1.*^-7","{2, 0}","5","3","0.03981071705534972","0.03981071705534972","42","63.616072808241334","0.32794956291492483","327.94956291492485","0.20810884468618104","175390.83503535925","False","175390.83503535925","1.","0","5.822823713630305","True","True","1.25","0.5","0","4","16.666666666666668","41.66666666666667","5544.955755394501","5544.955755394501","1.85132","True",""
"T2c","T2","single","2","1.*^-7","{2, 0}","5","3","0.03981071705534972","0.03981071705534972","101","63.5503595507763","0.3281960352144568","328.1960352144568","0.2089268415394335","175390.83503535925","False","175390.83503535925","1.","0","5.822823713630305","True","True","1.25","0.5","0","4","16.666666666666668","41.66666666666667","5544.955755394501","5544.955755394501","1.85132","True",""
"T2c","T2","single","2","1.*^-7","{2, 0}","5","3","0.03981071705534972","0.03981071705534972","202","64.0229732045377","0.329869002524514","329.86900252451403","0.20304375954815218","175390.83503535925","False","175390.83503535925","1.","0","5.822823713630305","True","True","1.25","0.5","0","4","16.666666666666668","41.66666666666667","5544.955755394501","5544.955755394501","1.85132","True",""
"T2c","T2","single","2","1.*^-7","{2, 0}","5","3","0.03981071705534972","0.03981071705534972","303","63.820755889838786","0.3289407360631267","328.9407360631267","0.20556095521730453","175390.83503535925","False","175390.83503535925","1.","0","5.822823713630305","True","True","1.25","0.5","0","4","16.666666666666668","41.66666666666667","5544.955755394501","5544.955755394501","1.85132","True",""
"T2c","T2","single","2","1.*^-7","{2, 0}","5","3","0.03981071705534972","0.03981071705534972","404","63.618799234982426","0.3288839293317564","328.8839293317564","0.20807490619978014","175390.83503535925","False","175390.83503535925","1.","0","5.822823713630305","True","True","1.25","0.5","0","4","16.666666666666668","41.66666666666667","5544.955755394501","5544.955755394501","1.85132","True",""
"T3_CaseC","T3","single","2","1.*^8","{3, 1}","2","3","10000","10000.","42","0.0010146126751991481","0.00008236461526761618","0.08236461526761618","0.39752494274309674","inf","True","0","0.","3","inf","False","False","4.","3","3","6","9.","15.","0","NA","2.030942","True",""
"T3_CaseC","T3","single","2","1.*^8","{3, 1}","2","3","10000","10000.","101","0.0009178649965124223","0.00004929759836797363","0.04929759836797363","0.45497352847539785","inf","True","0","0.","3","inf","False","False","4.","3","3","6","9.","15.","0","NA","2.030942","True",""
"T3_CaseC","T3","single","2","1.*^8","{3, 1}","2","3","10000","10000.","202","0.0009500413300659474","0.000044019176054804564","0.044019176054804564","0.43586728342856523","inf","True","0","0.","3","inf","False","False","4.","3","3","6","9.","15.","0","NA","2.030942","True",""
"T3_CaseC","T3","single","2","1.*^8","{3, 1}","2","3","10000","10000.","303","0.0012279452525775897","0.00038330110847093515","0.3833011084709351","0.27084846815084707","inf","True","0","0.","3","inf","False","False","4.","3","3","6","9.","15.","0","NA","2.030942","True",""
"T3_CaseC","T3","single","2","1.*^8","{3, 1}","2","3","10000","10000.","404","0.0009177073349825086","0.00003820532657237054","0.038205326572370545","0.4550671475889609","inf","True","0","0.","3","inf","False","False","4.","3","3","6","9.","15.","0","NA","2.030942","True",""
"T3_CaseC","T3","single","2","1.*^8","{3, 1}","3","3","464.15888336127784","464.15888336127784","42","0.0010146126751991481","0.00008236461526761618","0.08236461526761618","0.39752494274309674","inf","True","0","0.","3","inf","False","False","4.","3","3","6","9.","15.","0","NA","2.021685","True",""
"T3_CaseC","T3","single","2","1.*^8","{3, 1}","3","3","464.15888336127784","464.15888336127784","101","0.0009178649965124223","0.00004929759836797363","0.04929759836797363","0.45497352847539785","inf","True","0","0.","3","inf","False","False","4.","3","3","6","9.","15.","0","NA","2.021685","True",""
"T3_CaseC","T3","single","2","1.*^8","{3, 1}","3","3","464.15888336127784","464.15888336127784","202","0.0009500413300659474","0.000044019176054804564","0.044019176054804564","0.43586728342856523","inf","True","0","0.","3","inf","False","False","4.","3","3","6","9.","15.","0","NA","2.021685","True",""
"T3_CaseC","T3","single","2","1.*^8","{3, 1}","3","3","464.15888336127784","464.15888336127784","303","0.0012279452525775897","0.00038330110847093515","0.3833011084709351","0.27084846815084707","inf","True","0","0.","3","inf","False","False","4.","3","3","6","9.","15.","0","NA","2.021685","True",""
"T3_CaseC","T3","single","2","1.*^8","{3, 1}","3","3","464.15888336127784","464.15888336127784","404","0.0009177073349825086","0.00003820532657237054","0.038205326572370545","0.4550671475889609","inf","True","0","0.","3","inf","False","False","4.","3","3","6","9.","15.","0","NA","2.021685","True",""
"T3_CaseC","T3","single","2","1.*^8","{3, 1}","4","3","100","100.","42","0.0010146126751991481","0.00008236461526761618","0.08236461526761618","0.39752494274309674","inf","True","0","0.","3","inf","False","False","4.","3","3","6","9.","15.","0","NA","2.021619","True",""
"T3_CaseC","T3","single","2","1.*^8","{3, 1}","4","3","100","100.","101","0.0009178649965124223","0.00004929759836797363","0.04929759836797363","0.45497352847539785","inf","True","0","0.","3","inf","False","False","4.","3","3","6","9.","15.","0","NA","2.021619","True",""
"T3_CaseC","T3","single","2","1.*^8","{3, 1}","4","3","100","100.","202","0.0009500413300659474","0.000044019176054804564","0.044019176054804564","0.43586728342856523","inf","True","0","0.","3","inf","False","False","4.","3","3","6","9.","15.","0","NA","2.021619","True",""
"T3_CaseC","T3","single","2","1.*^8","{3, 1}","4","3","100","100.","303","0.0012279452525775897","0.00038330110847093515","0.3833011084709351","0.27084846815084707","inf","True","0","0.","3","inf","False","False","4.","3","3","6","9.","15.","0","NA","2.021619","True",""
"T3_CaseC","T3","single","2","1.*^8","{3, 1}","4","3","100","100.","404","0.0009177073349825086","0.00003820532657237054","0.038205326572370545","0.4550671475889609","inf","True","0","0.","3","inf","False","False","4.","3","3","6","9.","15.","0","NA","2.021619","True",""
"T4_CaseB","T4","single","2","10000.","{2, 0}","1","2","10000","10000.","42","153.44980108945674","8.722704416492325","8722.704416492325","0.0651957399431878","8140.701519027011","False","8140.701519027011","1.","0","56.51125247899762","True","True","0.5","1","2","8","3.","10.","NA","0.016460137933249113","2.635119","True",""
"T4_CaseB","T4","single","2","10000.","{2, 0}","1","2","10000","10000.","101","138.1439831483727","8.024240547086507","8024.240547086507","0.04105198375170411","8140.701519027011","False","8140.701519027011","1.","0","56.51125247899762","True","True","0.5","1","2","8","3.","10.","NA","0.016460137933249113","2.635119","True",""
"T4_CaseB","T4","single","2","10000.","{2, 0}","1","2","10000","10000.","202","150.47843365017633","8.494604615999185","8494.604615999186","0.044569529184646364","8140.701519027011","False","8140.701519027011","1.","0","56.51125247899762","True","True","0.5","1","2","8","3.","10.","NA","0.016460137933249113","2.635119","True",""
"T4_CaseB","T4","single","2","10000.","{2, 0}","1","2","10000","10000.","303","142.6285269743291","8.258165416557592","8258.165416557593","0.00992182297546125","8140.701519027011","False","8140.701519027011","1.","0","56.51125247899762","True","True","0.5","1","2","8","3.","10.","NA","0.016460137933249113","2.635119","True",""
"T4_CaseB","T4","single","2","10000.","{2, 0}","1","2","10000","10000.","404","144.46170876824937","8.411753325587318","8411.753325587319","0.0028034945131349544","8140.701519027011","False","8140.701519027011","1.","0","56.51125247899762","True","True","0.5","1","2","8","3.","10.","NA","0.016460137933249113","2.635119","True",""
"T4_CaseB","T4","single","2","10000.","{2, 0}","2","2","100","100.","42","153.4487388725407","8.722702375545829","8722.702375545829","0.06518836639870727","inf","True","8157.598497153842","0.9999978113136107","1","56.51125247899762","True","True","1.","1","2","8","2.","8.","0","0.01639202020314628","8.787731","True",""
"T4_CaseB","T4","single","2","10000.","{2, 0}","2","2","100","100.","101","138.16914465121016","8.024256566338405","8024.256566338405","0.0408773212533318","inf","True","8157.598497153842","0.9999978113136107","1","56.51125247899762","True","True","1.","1","2","8","2.","8.","0","0.01639202020314628","8.787731","True",""
"T4_CaseB","T4","single","2","10000.","{2, 0}","2","2","100","100.","202","150.47930218329728","8.495065887416416","8495.065887416416","0.044575558242839125","inf","True","8157.598497153842","0.9999978113136107","1","56.51125247899762","True","True","1.","1","2","8","2.","8.","0","0.01639202020314628","8.787731","True",""
"T4_CaseB","T4","single","2","10000.","{2, 0}","2","2","100","100.","303","143.17785217073506","8.270382171578557","8270.382171578558","0.0061085964029877916","inf","True","8157.598497153842","0.9999978113136107","1","56.51125247899762","True","True","1.","1","2","8","2.","8.","0","0.01639202020314628","8.787731","True",""
"T4_CaseB","T4","single","2","10000.","{2, 0}","2","2","100","100.","404","144.45313581202643","8.411749533814595","8411.749533814595","0.002743983999712615","inf","True","8157.598497153842","0.9999978113136107","1","56.51125247899762","True","True","1.","1","2","8","2.","8.","0","0.01639202020314628","8.787731","True",""
"T4_CaseB","T4","single","2","10000.","{2, 0}","3","2","21.54434690031884","21.54434690031884","42","153.44537832884495","8.722701791802447","8722.701791802447","0.0651650386602339","8157.598497555084","False","8157.598497555084","1.","0","56.51125247899762","True","True","1.2","0.4","0","6","9.","29.700000000000003","NA","0.016392020201533748","9.016015","True",""
"T4_CaseB","T4","single","2","10000.","{2, 0}","3","2","21.54434690031884","21.54434690031884","101","138.1436344488435","8.02424054811249","8024.24054811249","0.04105440430390033","8157.598497555084","False","8157.598497555084","1.","0","56.51125247899762","True","True","1.2","0.4","0","6","9.","29.700000000000003","NA","0.016392020201533748","9.016015","True",""
"T4_CaseB","T4","single","2","10000.","{2, 0}","3","2","21.54434690031884","21.54434690031884","202","150.46126493706436","8.494578452654702","8494.578452654701","0.04445034988341992","8157.598497555084","False","8157.598497555084","1.","0","56.51125247899762","True","True","1.2","0.4","0","6","9.","29.700000000000003","NA","0.016392020201533748","9.016015","True",""
"T4_CaseB","T4","single","2","10000.","{2, 0}","3","2","21.54434690031884","21.54434690031884","303","142.62816112690018","8.258165451801869","8258.16545180187","0.009924362562479232","8157.598497555084","False","8157.598497555084","1.","0","56.51125247899762","True","True","1.2","0.4","0","6","9.","29.700000000000003","NA","0.016392020201533748","9.016015","True",""
"T4_CaseB","T4","single","2","10000.","{2, 0}","3","2","21.54434690031884","21.54434690031884","404","144.46163608997364","8.41175366456105","8411.75366456105","0.0028029900055426176","8157.598497555084","False","8157.598497555084","1.","0","56.51125247899762","True","True","1.2","0.4","0","6","9.","29.700000000000003","NA","0.016392020201533748","9.016015","True",""
"T4_CaseB","T4","2rule","2","10000.","{2, 0}","1","2","10000","10000.","42","52.33075582426653","1.212171351790358","1212.1713517903581","0.6367378922862231","inf","True","1.2588884522634635*^7","0.999999999997319","1","3810.4089165280448","True","True","1.","1","3","12","2.5","14.","0","6.883077089861499*^-9","3.305872","True",""
"T4_CaseB","T4","2rule","2","10000.","{2, 0}","1","2","10000","10000.","101","55.9110555352959","4.521975931299168","4521.975931299168","0.6118846831400931","inf","True","1.2588884522634635*^7","0.999999999997319","1","3810.4089165280448","True","True","1.","1","3","12","2.5","14.","0","6.883077089861499*^-9","3.305872","True",""
"T4_CaseB","T4","2rule","2","10000.","{2, 0}","1","2","10000","10000.","202","50.982875690990866","0.45386829403768286","453.86829403768286","0.6460944125666391","inf","True","1.2588884522634635*^7","0.999999999997319","1","3810.4089165280448","True","True","1.","1","3","12","2.5","14.","0","6.883077089861499*^-9","3.305872","True",""
"T4_CaseB","T4","2rule","2","10000.","{2, 0}","1","2","10000","10000.","303","442.12477569344827","389.16766704609864","389167.6670460986","2.0690781235842","inf","True","1.2588884522634635*^7","0.999999999997319","1","3810.4089165280448","True","True","1.","1","3","12","2.5","14.","0","6.883077089861499*^-9","3.305872","True",""
"T4_CaseB","T4","2rule","2","10000.","{2, 0}","1","2","10000","10000.","404","51.458576183461844","0.5338193892869312","533.8193892869311","0.6427922633655883","inf","True","1.2588884522634635*^7","0.999999999997319","1","3810.4089165280448","True","True","1.","1","3","12","2.5","14.","0","6.883077089861499*^-9","3.305872","True",""
"T5_n3","T5","geom","3","1.*^6","{2, 0, 0}","1","2","NA","1.*^6","","NA","NA","NA","NA","NA","NA","NA","NA","NA","NA","True","True","0.5","1","3","14","2.","7.5","NA","NA","NA","True","geometry-only (no MC)"
"T5_n3","T5","geom","3","1.*^6","{2, 0, 0}","2","2","NA","1000.","","NA","NA","NA","NA","NA","NA","NA","NA","NA","NA","True","True","1.","0.6666666666666666","3","14","2.","7.333333333333332","NA","NA","NA","True","geometry-only (no MC)"
"T5_n3","T5","geom","3","1.*^6","{2, 0, 0}","3","2","NA","100.","","NA","NA","NA","NA","NA","NA","NA","NA","NA","NA","True","True","1.5","1","3","14","6.75","23.","NA","NA","NA","True","geometry-only (no MC)"
"T5_n3","T5","geom","3","1.*^6","{2, 0, 0}","4","2","NA","31.622776601683796","","NA","NA","NA","NA","NA","NA","NA","NA","NA","NA","True","True","2.","1","3","14","8.","31.","NA","NA","NA","True","geometry-only (no MC)"
"T5_n3","T5","geom","3","1.*^6","{2, 0, 0}","5","2","NA","15.848931924611136","","NA","NA","NA","NA","NA","NA","NA","NA","NA","NA","True","True","2.","0.6666666666666666","3","14","10.416666666666666","41.666666666666664","NA","NA","NA","True","geometry-only (no MC)"
"T5_n4","T5","geom","4","1.*^6","{2, 0, 0, 0}","1","2","NA","1.*^6","","NA","NA","NA","NA","NA","NA","NA","NA","NA","NA","True","True","0.5","1","4","22","3.2552083333333335","11.989583333333334","NA","NA","NA","True","geometry-only (no MC)"
"T5_n4","T5","geom","4","1.*^6","{2, 0, 0, 0}","2","2","NA","1000.","","NA","NA","NA","NA","NA","NA","NA","NA","NA","NA","True","True","1.","0.6666666666666666","4","22","3.7925925925925927","12.822222222222223","NA","NA","NA","True","geometry-only (no MC)"
"T5_n4","T5","geom","4","1.*^6","{2, 0, 0, 0}","3","2","NA","100.","","NA","NA","NA","NA","NA","NA","NA","NA","NA","NA","True","True","1.2","0.8","4","22","12.8","57.925","NA","NA","NA","True","geometry-only (no MC)"
"T5_n4","T5","geom","4","1.*^6","{2, 0, 0, 0}","4","2","NA","31.622776601683796","","NA","NA","NA","NA","NA","NA","NA","NA","NA","NA","True","True","1.3333333333333333","0.6666666666666666","4","22","16.","69.33333333333331","NA","NA","NA","True","geometry-only (no MC)"
"T5_n4","T5","geom","4","1.*^6","{2, 0, 0, 0}","5","2","NA","15.848931924611136","","NA","NA","NA","NA","NA","NA","NA","NA","NA","NA","True","True","1.4285714285714286","0.5714285714285714","4","22","26.041666666666668","87.8988095238095","NA","NA","NA","True","geometry-only (no MC)"
